{"event_type": "Volatility Detected", "details": {"symbol": "BTC_USDT", "price_change_percentage": 0.05}}
{"event_type": "Volatility Detected", "details": {"symbol": "BTC_USDT", "price_change_percentage": 0.05}}
{"event_type": "Volatility Detected", "details": {"symbol": "BTC_USDT", "price_change_percentage": 0.05}}
{"event_type": "Volatility Detected", "details": {"symbol": "BTC_USDT", "price_change_percentage": 0.05}}
{"event_type": "Volatility Detected", "details": {"symbol": "BTC_USDT", "price_change_percentage": 0.05}}
{"test": "This is a test entry"}
{"test_event": "Volatility Detected"}
