{
    "AAVE_ETH": {
        "minTradeSize": 0.001,
        "amountPrecision": 8
    },
    "AAVE_USDT": {
        "minTradeSize": 0.001,
        "amountPrecision": 8
    },
    "ACE_USDT": {
        "minTradeSize": 0.1,
        "amountPrecision": 8
    },
    "ACH_USDT": {
        "minTradeSize": 1.0,
        "amountPrecision": 8
    },
    "ACM_USDT": {
        "minTradeSize": 0.001,
        "amountPrecision": 8
    },
    "ADA_BTC": {
        "minTradeSize": 0.1,
        "amountPrecision": 8
    },
    "ADA_ETH": {
        "minTradeSize": 0.1,
        "amountPrecision": 8
    },
    "ADA_USDT": {
        "minTradeSize": 0.1,
        "amountPrecision": 8
    },
    "AEVO_USDT": {
        "minTradeSize": 0.01,
        "amountPrecision": 8
    },
    "AGLD_USDT": {
        "minTradeSize": 0.001,
        "amountPrecision": 8
    },
    "AI_USDT": {
        "minTradeSize": 1.0,
        "amountPrecision": 8
    },
    "AKRO_USDT": {
        "minTradeSize": 1.0,
        "amountPrecision": 8
    },
    "ALCX_USDT": {
        "minTradeSize": 0.0001,
        "amountPrecision": 8
    },
    "ALEX_USDT": {
        "minTradeSize": 1.0,
        "amountPrecision": 8
    },
    "ALGO_USDT": {
        "minTradeSize": 0.01,
        "amountPrecision": 8
    },
    "ALICE_USDT": {
        "minTradeSize": 0.01,
        "amountPrecision": 8
    },
    "ALPACA_USDT": {
        "minTradeSize": 0.1,
        "amountPrecision": 8
    },
    "ALPHA_USDT": {
        "minTradeSize": 0.1,
        "amountPrecision": 8
    },
    "ALT_USDT": {
        "minTradeSize": 1.0,
        "amountPrecision": 8
    },
    "ANKR_USDT": {
        "minTradeSize": 1.0,
        "amountPrecision": 8
    },
    "APEPE_USDT": {
        "minTradeSize": 1.0,
        "amountPrecision": 8
    },
    "APE_USDT": {
        "minTradeSize": 0.001,
        "amountPrecision": 8
    },
    "API3_USDT": {
        "minTradeSize": 0.01,
        "amountPrecision": 8
    },
    "APT_USDT": {
        "minTradeSize": 0.01,
        "amountPrecision": 8
    },
    "ARB_USDT": {
        "minTradeSize": 0.1,
        "amountPrecision": 8
    },
    "ARDR_USDT": {
        "minTradeSize": 1.0,
        "amountPrecision": 8
    },
    "ARKM_USDT": {
        "minTradeSize": 1.0,
        "amountPrecision": 8
    },
    "ARPA_USDT": {
        "minTradeSize": 1.0,
        "amountPrecision": 8
    },
    "AR_USDT": {
        "minTradeSize": 0.001,
        "amountPrecision": 8
    },
    "ASR_USDT": {
        "minTradeSize": 0.001,
        "amountPrecision": 8
    },
    "ASTR_USDT": {
        "minTradeSize": 0.01,
        "amountPrecision": 8
    },
    "ATA_USDT": {
        "minTradeSize": 1.0,
        "amountPrecision": 8
    },
    "ATOM_USDT": {
        "minTradeSize": 0.01,
        "amountPrecision": 8
    },
    "AUCTION_USDT": {
        "minTradeSize": 0.0001,
        "amountPrecision": 8
    },
    "AUDIO_USDT": {
        "minTradeSize": 0.1,
        "amountPrecision": 8
    },
    "AVAX_USDT": {
        "minTradeSize": 0.001,
        "amountPrecision": 8
    },
    "AVA_USDT": {
        "minTradeSize": 0.1,
        "amountPrecision": 8
    },
    "AXL_USDT": {
        "minTradeSize": 0.01,
        "amountPrecision": 8
    },
    "AXS_USDT": {
        "minTradeSize": 0.01,
        "amountPrecision": 8
    },
    "BADGER_USDT": {
        "minTradeSize": 0.01,
        "amountPrecision": 8
    },
    "BAKE_USDT": {
        "minTradeSize": 0.1,
        "amountPrecision": 8
    },
    "BAL_USDT": {
        "minTradeSize": 0.001,
        "amountPrecision": 8
    },
    "BAND_BTC": {
        "minTradeSize": 1.0,
        "amountPrecision": 8
    },
    "BAND_USDT": {
        "minTradeSize": 0.01,
        "amountPrecision": 8
    },
    "BAR_USDT": {
        "minTradeSize": 0.01,
        "amountPrecision": 8
    },
    "BAT_USDT": {
        "minTradeSize": 0.1,
        "amountPrecision": 8
    },
    "BB_USDT": {
        "minTradeSize": 0.1,
        "amountPrecision": 8
    },
    "BCH_BTC": {
        "minTradeSize": 0.001,
        "amountPrecision": 5
    },
    "BCH_USDT": {
        "minTradeSize": 0.001,
        "amountPrecision": 8
    },
    "BEAMX_USDT": {
        "minTradeSize": 1.0,
        "amountPrecision": 8
    },
    "BEL_USDT": {
        "minTradeSize": 0.01,
        "amountPrecision": 8
    },
    "BETA_USDT": {
        "minTradeSize": 1.0,
        "amountPrecision": 8
    },
    "BICO_USDT": {
        "minTradeSize": 0.01,
        "amountPrecision": 8
    },
    "BIGTIME_USDT": {
        "minTradeSize": 1.0,
        "amountPrecision": 8
    },
    "BLUR_USDT": {
        "minTradeSize": 0.1,
        "amountPrecision": 8
    },
    "BLZ_USDT": {
        "minTradeSize": 1.0,
        "amountPrecision": 8
    },
    "BNB_BTC": {
        "minTradeSize": 0.01,
        "amountPrecision": 8
    },
    "BNB_ETH": {
        "minTradeSize": 0.01,
        "amountPrecision": 8
    },
    "BNB_USDT": {
        "minTradeSize": 0.0001,
        "amountPrecision": 8
    },
    "BNT_USDT": {
        "minTradeSize": 0.01,
        "amountPrecision": 8
    },
    "BNX_USDT": {
        "minTradeSize": 0.1,
        "amountPrecision": 8
    },
    "BOME_USDT": {
        "minTradeSize": 0.1,
        "amountPrecision": 8
    },
    "BONK_USDT": {
        "minTradeSize": 1.0,
        "amountPrecision": 8
    },
    "BSV_USDT": {
        "minTradeSize": 0.001,
        "amountPrecision": 8
    },
    "BSW_USDT": {
        "minTradeSize": 0.1,
        "amountPrecision": 8
    },
    "BTC_USDC": {
        "minTradeSize": 1e-06,
        "amountPrecision": 8
    },
    "BTC_USDT": {
        "minTradeSize": 1e-06,
        "amountPrecision": 8
    },
    "BTT_USDT": {
        "minTradeSize": 1.0,
        "amountPrecision": 8
    },
    "C98_USDT": {
        "minTradeSize": 1.0,
        "amountPrecision": 8
    },
    "CAKE_USDT": {
        "minTradeSize": 0.001,
        "amountPrecision": 8
    },
    "CAT_USDT": {
        "minTradeSize": 1.0,
        "amountPrecision": 8
    },
    "CBK_USDT": {
        "minTradeSize": 1.0,
        "amountPrecision": 8
    },
    "CELO_USDT": {
        "minTradeSize": 0.01,
        "amountPrecision": 8
    },
    "CELR_USDT": {
        "minTradeSize": 0.1,
        "amountPrecision": 8
    },
    "CETUS_USDT": {
        "minTradeSize": 1.0,
        "amountPrecision": 8
    },
    "CFG_USDT": {
        "minTradeSize": 0.001,
        "amountPrecision": 8
    },
    "CFX_USDT": {
        "minTradeSize": 0.001,
        "amountPrecision": 8
    },
    "CHR_USDT": {
        "minTradeSize": 0.1,
        "amountPrecision": 8
    },
    "CHZ_USDT": {
        "minTradeSize": 1.0,
        "amountPrecision": 8
    },
    "CITY_USDT": {
        "minTradeSize": 0.01,
        "amountPrecision": 8
    },
    "CKB_USDT": {
        "minTradeSize": 1.0,
        "amountPrecision": 8
    },
    "COMBO_USDT": {
        "minTradeSize": 0.1,
        "amountPrecision": 8
    },
    "COMP_USDT": {
        "minTradeSize": 1e-05,
        "amountPrecision": 8
    },
    "CORE_USDT": {
        "minTradeSize": 0.01,
        "amountPrecision": 8
    },
    "COS_USDT": {
        "minTradeSize": 0.1,
        "amountPrecision": 8
    },
    "COTI_BTC": {
        "minTradeSize": 1.0,
        "amountPrecision": 8
    },
    "COTI_USDT": {
        "minTradeSize": 0.1,
        "amountPrecision": 8
    },
    "CREAM_USDT": {
        "minTradeSize": 0.001,
        "amountPrecision": 8
    },
    "CRO_USDT": {
        "minTradeSize": 1.0,
        "amountPrecision": 8
    },
    "CRV_USDT": {
        "minTradeSize": 0.001,
        "amountPrecision": 8
    },
    "CSPR_USDT": {
        "minTradeSize": 0.1,
        "amountPrecision": 8
    },
    "CTK_USDT": {
        "minTradeSize": 0.01,
        "amountPrecision": 8
    },
    "CTSI_USDT": {
        "minTradeSize": 0.1,
        "amountPrecision": 8
    },
    "CTXC_USDT": {
        "minTradeSize": 0.1,
        "amountPrecision": 8
    },
    "CVC_USDT": {
        "minTradeSize": 1.0,
        "amountPrecision": 8
    },
    "CVX_USDT": {
        "minTradeSize": 0.0001,
        "amountPrecision": 8
    },
    "CYBER_USDT": {
        "minTradeSize": 0.01,
        "amountPrecision": 8
    },
    "DAR_USDT": {
        "minTradeSize": 1.0,
        "amountPrecision": 8
    },
    "DASH_USDT": {
        "minTradeSize": 0.001,
        "amountPrecision": 8
    },
    "DATA_USDT": {
        "minTradeSize": 0.1,
        "amountPrecision": 8
    },
    "DCR_USDT": {
        "minTradeSize": 0.001,
        "amountPrecision": 8
    },
    "DEGO_USDT": {
        "minTradeSize": 0.001,
        "amountPrecision": 8
    },
    "DENT_USDT": {
        "minTradeSize": 1.0,
        "amountPrecision": 8
    },
    "DEXE_USDT": {
        "minTradeSize": 0.01,
        "amountPrecision": 8
    },
    "DF_USDT": {
        "minTradeSize": 0.1,
        "amountPrecision": 8
    },
    "DGB_USDT": {
        "minTradeSize": 0.1,
        "amountPrecision": 8
    },
    "DIA_USDT": {
        "minTradeSize": 0.001,
        "amountPrecision": 8
    },
    "DODO_USDT": {
        "minTradeSize": 0.001,
        "amountPrecision": 8
    },
    "DOGE_BTC": {
        "minTradeSize": 1.0,
        "amountPrecision": 8
    },
    "DOGE_USDT": {
        "minTradeSize": 1.0,
        "amountPrecision": 8
    },
    "DOT_USDT": {
        "minTradeSize": 0.01,
        "amountPrecision": 8
    },
    "DUSK_USDT": {
        "minTradeSize": 1.0,
        "amountPrecision": 8
    },
    "DYDX_USDT": {
        "minTradeSize": 0.01,
        "amountPrecision": 8
    },
    "DYM_USDT": {
        "minTradeSize": 0.1,
        "amountPrecision": 8
    },
    "EDU_USDT": {
        "minTradeSize": 1.0,
        "amountPrecision": 8
    },
    "EGLD_USDT": {
        "minTradeSize": 0.001,
        "amountPrecision": 8
    },
    "ELF_USDT": {
        "minTradeSize": 0.1,
        "amountPrecision": 8
    },
    "ENA_USDT": {
        "minTradeSize": 0.01,
        "amountPrecision": 8
    },
    "ENJ_USDT": {
        "minTradeSize": 0.1,
        "amountPrecision": 8
    },
    "ENS_USDT": {
        "minTradeSize": 0.0001,
        "amountPrecision": 8
    },
    "EOS_BTC": {
        "minTradeSize": 0.1,
        "amountPrecision": 8
    },
    "EOS_USDT": {
        "minTradeSize": 0.1,
        "amountPrecision": 8
    },
    "ERN_USDT": {
        "minTradeSize": 0.1,
        "amountPrecision": 8
    },
    "ETC_USDT": {
        "minTradeSize": 0.01,
        "amountPrecision": 8
    },
    "ETHFI_USDT": {
        "minTradeSize": 0.1,
        "amountPrecision": 8
    },
    "ETHW_USDT": {
        "minTradeSize": 0.01,
        "amountPrecision": 8
    },
    "ETH_BTC": {
        "minTradeSize": 0.0001,
        "amountPrecision": 5
    },
    "ETH_USDC": {
        "minTradeSize": 0.001,
        "amountPrecision": 8
    },
    "ETH_USDT": {
        "minTradeSize": 1e-05,
        "amountPrecision": 8
    },
    "FARM_USDT": {
        "minTradeSize": 0.001,
        "amountPrecision": 8
    },
    "FERC_USDT": {
        "minTradeSize": 0.1,
        "amountPrecision": 8
    },
    "FET_USDT": {
        "minTradeSize": 0.1,
        "amountPrecision": 8
    },
    "FIL_ETH": {
        "minTradeSize": 0.0001,
        "amountPrecision": 8
    },
    "FIL_USDT": {
        "minTradeSize": 0.0001,
        "amountPrecision": 8
    },
    "FIO_USDT": {
        "minTradeSize": 1.0,
        "amountPrecision": 8
    },
    "FIRO_USDT": {
        "minTradeSize": 0.001,
        "amountPrecision": 8
    },
    "FLOKI_USDT": {
        "minTradeSize": 1.0,
        "amountPrecision": 8
    },
    "FLOW_USDT": {
        "minTradeSize": 0.0001,
        "amountPrecision": 8
    },
    "FLT_USDT": {
        "minTradeSize": 0.01,
        "amountPrecision": 8
    },
    "FLUX_USDT": {
        "minTradeSize": 0.01,
        "amountPrecision": 8
    },
    "FORTH_USDT": {
        "minTradeSize": 0.0001,
        "amountPrecision": 8
    },
    "FTM_BTC": {
        "minTradeSize": 1.0,
        "amountPrecision": 8
    },
    "FTM_USDT": {
        "minTradeSize": 0.1,
        "amountPrecision": 8
    },
    "FTT_USDT": {
        "minTradeSize": 0.01,
        "amountPrecision": 8
    },
    "FUN_USDT": {
        "minTradeSize": 1.0,
        "amountPrecision": 8
    },
    "FXS_USDT": {
        "minTradeSize": 0.1,
        "amountPrecision": 8
    },
    "GALA_USDT": {
        "minTradeSize": 1.0,
        "amountPrecision": 8
    },
    "GEAR_USDT": {
        "minTradeSize": 1.0,
        "amountPrecision": 8
    },
    "GHST_USDT": {
        "minTradeSize": 0.1,
        "amountPrecision": 8
    },
    "GLMR_USDT": {
        "minTradeSize": 0.1,
        "amountPrecision": 8
    },
    "GLM_USDT": {
        "minTradeSize": 0.1,
        "amountPrecision": 8
    },
    "GMT_USDT": {
        "minTradeSize": 0.1,
        "amountPrecision": 8
    },
    "GMX_USDT": {
        "minTradeSize": 0.001,
        "amountPrecision": 8
    },
    "GNO_USDT": {
        "minTradeSize": 0.001,
        "amountPrecision": 8
    },
    "GNS_USDT": {
        "minTradeSize": 0.01,
        "amountPrecision": 8
    },
    "GODS_USDT": {
        "minTradeSize": 0.001,
        "amountPrecision": 8
    },
    "GRT_USDT": {
        "minTradeSize": 0.1,
        "amountPrecision": 8
    },
    "GT_USDT": {
        "minTradeSize": 0.1,
        "amountPrecision": 8
    },
    "HARD_USDT": {
        "minTradeSize": 0.01,
        "amountPrecision": 8
    },
    "HBAR_USDT": {
        "minTradeSize": 0.1,
        "amountPrecision": 8
    },
    "HFT_USDT": {
        "minTradeSize": 0.1,
        "amountPrecision": 8
    },
    "HIFI_USDT": {
        "minTradeSize": 0.1,
        "amountPrecision": 8
    },
    "HIGH_USDT": {
        "minTradeSize": 0.001,
        "amountPrecision": 8
    },
    "HIVE_USDT": {
        "minTradeSize": 0.1,
        "amountPrecision": 8
    },
    "HOOK_USDT": {
        "minTradeSize": 0.1,
        "amountPrecision": 8
    },
    "HTX_USDT": {
        "minTradeSize": 0.01,
        "amountPrecision": 8
    },
    "ICP_USDT": {
        "minTradeSize": 0.0001,
        "amountPrecision": 8
    },
    "ICX_USDT": {
        "minTradeSize": 0.1,
        "amountPrecision": 8
    },
    "IDEX_USDT": {
        "minTradeSize": 0.1,
        "amountPrecision": 8
    },
    "ID_USDT": {
        "minTradeSize": 1.0,
        "amountPrecision": 8
    },
    "ILV_USDT": {
        "minTradeSize": 0.001,
        "amountPrecision": 8
    },
    "IMX_USDT": {
        "minTradeSize": 0.01,
        "amountPrecision": 8
    },
    "1INCH_USDT": {
        "minTradeSize": 0.1,
        "amountPrecision": 8
    },
    "INJ_USDT": {
        "minTradeSize": 0.01,
        "amountPrecision": 8
    },
    "IOST_USDT": {
        "minTradeSize": 1.0,
        "amountPrecision": 8
    },
    "IOTA_USDT": {
        "minTradeSize": 0.01,
        "amountPrecision": 8
    },
    "IOTX_USDT": {
        "minTradeSize": 1.0,
        "amountPrecision": 8
    },
    "IO_USDT": {
        "minTradeSize": 0.01,
        "amountPrecision": 8
    },
    "IQ_USDT": {
        "minTradeSize": 1.0,
        "amountPrecision": 8
    },
    "IRIS_USDT": {
        "minTradeSize": 1.0,
        "amountPrecision": 8
    },
    "JASMY_USDT": {
        "minTradeSize": 0.1,
        "amountPrecision": 8
    },
    "JOE_USDT": {
        "minTradeSize": 0.01,
        "amountPrecision": 8
    },
    "JST_USDT": {
        "minTradeSize": 1.0,
        "amountPrecision": 8
    },
    "JTO_USDT": {
        "minTradeSize": 0.1,
        "amountPrecision": 8
    },
    "JUP_USDT": {
        "minTradeSize": 0.1,
        "amountPrecision": 8
    },
    "JUV_USDT": {
        "minTradeSize": 0.001,
        "amountPrecision": 8
    },
    "KANGO_USDT": {
        "minTradeSize": 1.0,
        "amountPrecision": 8
    },
    "KAS_USDT": {
        "minTradeSize": 1.0,
        "amountPrecision": 8
    },
    "KAVA_USDT": {
        "minTradeSize": 0.01,
        "amountPrecision": 8
    },
    "KDA_USDT": {
        "minTradeSize": 0.01,
        "amountPrecision": 8
    },
    "KLAY_USDT": {
        "minTradeSize": 1.0,
        "amountPrecision": 8
    },
    "KNC_USDT": {
        "minTradeSize": 0.01,
        "amountPrecision": 8
    },
    "KP3R_USDT": {
        "minTradeSize": 0.01,
        "amountPrecision": 8
    },
    "KSM_USDT": {
        "minTradeSize": 0.01,
        "amountPrecision": 8
    },
    "LAMB_USDT": {
        "minTradeSize": 0.1,
        "amountPrecision": 8
    },
    "LAT_USDT": {
        "minTradeSize": 0.01,
        "amountPrecision": 8
    },
    "LAZIO_USDT": {
        "minTradeSize": 0.01,
        "amountPrecision": 8
    },
    "LBR_USDT": {
        "minTradeSize": 0.1,
        "amountPrecision": 8
    },
    "LDO_USDT": {
        "minTradeSize": 0.01,
        "amountPrecision": 8
    },
    "LEVER_USDT": {
        "minTradeSize": 1.0,
        "amountPrecision": 8
    },
    "LINA_USDT": {
        "minTradeSize": 0.1,
        "amountPrecision": 8
    },
    "LINK_BTC": {
        "minTradeSize": 0.1,
        "amountPrecision": 8
    },
    "LINK_ETH": {
        "minTradeSize": 0.1,
        "amountPrecision": 8
    },
    "LINK_USDT": {
        "minTradeSize": 0.01,
        "amountPrecision": 8
    },
    "LIT_USDT": {
        "minTradeSize": 0.1,
        "amountPrecision": 8
    },
    "LOKA_USDT": {
        "minTradeSize": 0.1,
        "amountPrecision": 8
    },
    "LOOKS_USDT": {
        "minTradeSize": 0.001,
        "amountPrecision": 8
    },
    "LPT_USDT": {
        "minTradeSize": 0.01,
        "amountPrecision": 8
    },
    "LQTY_USDT": {
        "minTradeSize": 0.1,
        "amountPrecision": 8
    },
    "LRC_BTC": {
        "minTradeSize": 1.0,
        "amountPrecision": 8
    },
    "LRC_USDT": {
        "minTradeSize": 0.1,
        "amountPrecision": 8
    },
    "LSK_USDT": {
        "minTradeSize": 0.1,
        "amountPrecision": 8
    },
    "LTC_USDT": {
        "minTradeSize": 0.001,
        "amountPrecision": 8
    },
    "LTO_USDT": {
        "minTradeSize": 0.1,
        "amountPrecision": 8
    },
    "LUNA_USDT": {
        "minTradeSize": 0.01,
        "amountPrecision": 8
    },
    "LUNC_USDT": {
        "minTradeSize": 0.01,
        "amountPrecision": 8
    },
    "MAGIC_USDT": {
        "minTradeSize": 0.1,
        "amountPrecision": 8
    },
    "MANA_USDT": {
        "minTradeSize": 1.0,
        "amountPrecision": 8
    },
    "MANTA_USDT": {
        "minTradeSize": 0.1,
        "amountPrecision": 8
    },
    "MASK_USDT": {
        "minTradeSize": 0.001,
        "amountPrecision": 8
    },
    "MAV_USDT": {
        "minTradeSize": 1.0,
        "amountPrecision": 8
    },
    "MBL_USDT": {
        "minTradeSize": 1.0,
        "amountPrecision": 8
    },
    "MBOX_USDT": {
        "minTradeSize": 0.1,
        "amountPrecision": 8
    },
    "mBTC_USDT": {
        "minTradeSize": 0.001,
        "amountPrecision": 8
    },
    "MDT_USDT": {
        "minTradeSize": 0.1,
        "amountPrecision": 8
    },
    "MEME_USDT": {
        "minTradeSize": 1.0,
        "amountPrecision": 8
    },
    "mETH_USDT": {
        "minTradeSize": 0.01,
        "amountPrecision": 8
    },
    "METIS_USDT": {
        "minTradeSize": 0.001,
        "amountPrecision": 8
    },
    "MEW_USDT": {
        "minTradeSize": 0.0001,
        "amountPrecision": 8
    },
    "MICE_USDT": {
        "minTradeSize": 1.0,
        "amountPrecision": 8
    },
    "MINA_USDT": {
        "minTradeSize": 0.1,
        "amountPrecision": 8
    },
    "MKR_BTC": {
        "minTradeSize": 0.001,
        "amountPrecision": 8
    },
    "MKR_USDT": {
        "minTradeSize": 1e-05,
        "amountPrecision": 8
    },
    "MLN_USDT": {
        "minTradeSize": 0.001,
        "amountPrecision": 8
    },
    "MTL_USDT": {
        "minTradeSize": 0.01,
        "amountPrecision": 8
    },
    "MUBI_USDT": {
        "minTradeSize": 1.0,
        "amountPrecision": 8
    },
    "NACHO_USDT": {
        "minTradeSize": 1.0,
        "amountPrecision": 8
    },
    "NEAR_USDT": {
        "minTradeSize": 0.01,
        "amountPrecision": 8
    },
    "NEO_USDT": {
        "minTradeSize": 0.001,
        "amountPrecision": 8
    },
    "NEXO_USDT": {
        "minTradeSize": 1.0,
        "amountPrecision": 8
    },
    "NFP_USDT": {
        "minTradeSize": 1.0,
        "amountPrecision": 8
    },
    "NFT_USDT": {
        "minTradeSize": 1.0,
        "amountPrecision": 8
    },
    "NMR_USDT": {
        "minTradeSize": 0.001,
        "amountPrecision": 8
    },
    "NULS_USDT": {
        "minTradeSize": 0.1,
        "amountPrecision": 8
    },
    "OGN_BTC": {
        "minTradeSize": 1.0,
        "amountPrecision": 8
    },
    "OGN_USDT": {
        "minTradeSize": 0.01,
        "amountPrecision": 8
    },
    "OG_USDT": {
        "minTradeSize": 0.001,
        "amountPrecision": 8
    },
    "OKB_USDT": {
        "minTradeSize": 0.1,
        "amountPrecision": 8
    },
    "OM_USDT": {
        "minTradeSize": 1.0,
        "amountPrecision": 8
    },
    "ONDO_USDT": {
        "minTradeSize": 0.01,
        "amountPrecision": 8
    },
    "ONE_USDT": {
        "minTradeSize": 1.0,
        "amountPrecision": 8
    },
    "ONT_USDT": {
        "minTradeSize": 0.01,
        "amountPrecision": 8
    },
    "OORT_USDT": {
        "minTradeSize": 0.01,
        "amountPrecision": 8
    },
    "OP_USDT": {
        "minTradeSize": 0.01,
        "amountPrecision": 8
    },
    "ORBS_USDT": {
        "minTradeSize": 1.0,
        "amountPrecision": 8
    },
    "ORDI_USDT": {
        "minTradeSize": 0.1,
        "amountPrecision": 8
    },
    "OSMO_USDT": {
        "minTradeSize": 0.1,
        "amountPrecision": 8
    },
    "OXT_BTC": {
        "minTradeSize": 1.0,
        "amountPrecision": 8
    },
    "OXT_USDT": {
        "minTradeSize": 0.01,
        "amountPrecision": 8
    },
    "PAXG_USDT": {
        "minTradeSize": 1e-06,
        "amountPrecision": 8
    },
    "PDA_USDT": {
        "minTradeSize": 0.1,
        "amountPrecision": 8
    },
    "PENDLE_USDT": {
        "minTradeSize": 0.1,
        "amountPrecision": 8
    },
    "PEOPLE_USDT": {
        "minTradeSize": 0.1,
        "amountPrecision": 8
    },
    "PEPE_USDT": {
        "minTradeSize": 50000.0,
        "amountPrecision": 8
    },
    "PERP_USDT": {
        "minTradeSize": 0.001,
        "amountPrecision": 8
    },
    "PHA_USDT": {
        "minTradeSize": 1.0,
        "amountPrecision": 8
    },
    "PHB_USDT": {
        "minTradeSize": 1.0,
        "amountPrecision": 8
    },
    "PIXEL_USDT": {
        "minTradeSize": 0.1,
        "amountPrecision": 8
    },
    "POLYX_USDT": {
        "minTradeSize": 0.01,
        "amountPrecision": 8
    },
    "POND_USDT": {
        "minTradeSize": 0.01,
        "amountPrecision": 8
    },
    "PORTAL_USDT": {
        "minTradeSize": 0.1,
        "amountPrecision": 8
    },
    "PORTO_USDT": {
        "minTradeSize": 0.01,
        "amountPrecision": 8
    },
    "POWR_USDT": {
        "minTradeSize": 1.0,
        "amountPrecision": 8
    },
    "PROM_USDT": {
        "minTradeSize": 0.01,
        "amountPrecision": 8
    },
    "PROS_USDT": {
        "minTradeSize": 1.0,
        "amountPrecision": 8
    },
    "PSG_USDT": {
        "minTradeSize": 0.001,
        "amountPrecision": 8
    },
    "PUNDIX_USDT": {
        "minTradeSize": 0.001,
        "amountPrecision": 8
    },
    "PYR_USDT": {
        "minTradeSize": 0.001,
        "amountPrecision": 8
    },
    "PYTH_USDT": {
        "minTradeSize": 1.0,
        "amountPrecision": 8
    },
    "QKC_USDT": {
        "minTradeSize": 1.0,
        "amountPrecision": 8
    },
    "QNT_USDT": {
        "minTradeSize": 0.001,
        "amountPrecision": 8
    },
    "QTUM_USDT": {
        "minTradeSize": 0.01,
        "amountPrecision": 8
    },
    "QUICK_USDT": {
        "minTradeSize": 1.0,
        "amountPrecision": 8
    },
    "RAD_USDT": {
        "minTradeSize": 0.0001,
        "amountPrecision": 8
    },
    "RARE_USDT": {
        "minTradeSize": 0.1,
        "amountPrecision": 8
    },
    "RATS_USDT": {
        "minTradeSize": 1.0,
        "amountPrecision": 8
    },
    "RAY_USDT": {
        "minTradeSize": 0.1,
        "amountPrecision": 8
    },
    "RDNT_USDT": {
        "minTradeSize": 1.0,
        "amountPrecision": 8
    },
    "REI_USDT": {
        "minTradeSize": 0.1,
        "amountPrecision": 8
    },
    "REN_USDT": {
        "minTradeSize": 1.0,
        "amountPrecision": 8
    },
    "REQ_USDT": {
        "minTradeSize": 0.1,
        "amountPrecision": 8
    },
    "RIF_USDT": {
        "minTradeSize": 1.0,
        "amountPrecision": 8
    },
    "RIO_USDT": {
        "minTradeSize": 0.1,
        "amountPrecision": 8
    },
    "RLC_USDT": {
        "minTradeSize": 0.01,
        "amountPrecision": 8
    },
    "RON_USDT": {
        "minTradeSize": 0.1,
        "amountPrecision": 8
    },
    "ROSE_USDT": {
        "minTradeSize": 0.1,
        "amountPrecision": 8
    },
    "RPL_USDT": {
        "minTradeSize": 0.01,
        "amountPrecision": 8
    },
    "RSR_USDT": {
        "minTradeSize": 1.0,
        "amountPrecision": 8
    },
    "RSS3_USDT": {
        "minTradeSize": 1.0,
        "amountPrecision": 8
    },
    "RUNE_BTC": {
        "minTradeSize": 1.0,
        "amountPrecision": 8
    },
    "RUNE_USDT": {
        "minTradeSize": 0.01,
        "amountPrecision": 8
    },
    "RVN_BTC": {
        "minTradeSize": 1.0,
        "amountPrecision": 8
    },
    "RVN_USDT": {
        "minTradeSize": 0.1,
        "amountPrecision": 8
    },
    "SAGA_USDT": {
        "minTradeSize": 0.1,
        "amountPrecision": 8
    },
    "SAND_USDT": {
        "minTradeSize": 0.1,
        "amountPrecision": 8
    },
    "SANTOS_USDT": {
        "minTradeSize": 0.01,
        "amountPrecision": 8
    },
    "SATS_USDT": {
        "minTradeSize": 1.0,
        "amountPrecision": 8
    },
    "SCRT_USDT": {
        "minTradeSize": 0.1,
        "amountPrecision": 8
    },
    "SC_USDT": {
        "minTradeSize": 1.0,
        "amountPrecision": 8
    },
    "SEI_USDT": {
        "minTradeSize": 0.1,
        "amountPrecision": 8
    },
    "SHIB_USDT": {
        "minTradeSize": 1.0,
        "amountPrecision": 8
    },
    "SIS_USDT": {
        "minTradeSize": 1.0,
        "amountPrecision": 8
    },
    "SKL_USDT": {
        "minTradeSize": 0.01,
        "amountPrecision": 8
    },
    "SLERF_USDT": {
        "minTradeSize": 0.01,
        "amountPrecision": 8
    },
    "SNT_USDT": {
        "minTradeSize": 0.1,
        "amountPrecision": 8
    },
    "SNX_USDT": {
        "minTradeSize": 0.001,
        "amountPrecision": 8
    },
    "SOLS_USDT": {
        "minTradeSize": 0.01,
        "amountPrecision": 8
    },
    "SOL_BTC": {
        "minTradeSize": 0.01,
        "amountPrecision": 8
    },
    "SOL_USDT": {
        "minTradeSize": 0.01,
        "amountPrecision": 8
    },
    "SPELL_USDT": {
        "minTradeSize": 1.0,
        "amountPrecision": 8
    },
    "SSV_USDT": {
        "minTradeSize": 0.001,
        "amountPrecision": 8
    },
    "STEEM_USDT": {
        "minTradeSize": 0.01,
        "amountPrecision": 8
    },
    "STG_USDT": {
        "minTradeSize": 0.001,
        "amountPrecision": 8
    },
    "STMX_USDT": {
        "minTradeSize": 1.0,
        "amountPrecision": 8
    },
    "STORJ_BTC": {
        "minTradeSize": 0.1,
        "amountPrecision": 8
    },
    "STORJ_USDT": {
        "minTradeSize": 0.01,
        "amountPrecision": 8
    },
    "STPT_USDT": {
        "minTradeSize": 1.0,
        "amountPrecision": 8
    },
    "STRAX_USDT": {
        "minTradeSize": 1.0,
        "amountPrecision": 8
    },
    "STRK_USDT": {
        "minTradeSize": 0.01,
        "amountPrecision": 8
    },
    "STX_BTC": {
        "minTradeSize": 1.0,
        "amountPrecision": 8
    },
    "STX_USDT": {
        "minTradeSize": 0.01,
        "amountPrecision": 8
    },
    "SUI_USDT": {
        "minTradeSize": 0.1,
        "amountPrecision": 8
    },
    "SUPER_USDT": {
        "minTradeSize": 0.001,
        "amountPrecision": 8
    },
    "SUSHI_USDT": {
        "minTradeSize": 0.001,
        "amountPrecision": 8
    },
    "SYN_USDT": {
        "minTradeSize": 0.1,
        "amountPrecision": 8
    },
    "SYS_USDT": {
        "minTradeSize": 1.0,
        "amountPrecision": 8
    },
    "TAO_USDT": {
        "minTradeSize": 0.0001,
        "amountPrecision": 8
    },
    "TFUEL_USDT": {
        "minTradeSize": 1.0,
        "amountPrecision": 8
    },
    "THETA_USDT": {
        "minTradeSize": 0.1,
        "amountPrecision": 8
    },
    "TIA_USDT": {
        "minTradeSize": 0.1,
        "amountPrecision": 8
    },
    "TKO_USDT": {
        "minTradeSize": 0.01,
        "amountPrecision": 8
    },
    "TLM_USDT": {
        "minTradeSize": 0.01,
        "amountPrecision": 8
    },
    "TNSR_USDT": {
        "minTradeSize": 0.1,
        "amountPrecision": 8
    },
    "TON_USDT": {
        "minTradeSize": 1.0,
        "amountPrecision": 8
    },
    "TRB_USDT": {
        "minTradeSize": 0.001,
        "amountPrecision": 8
    },
    "TROY_USDT": {
        "minTradeSize": 1.0,
        "amountPrecision": 8
    },
    "TRU_USDT": {
        "minTradeSize": 0.01,
        "amountPrecision": 8
    },
    "TRX_ETH": {
        "minTradeSize": 1.0,
        "amountPrecision": 8
    },
    "TRX_USDT": {
        "minTradeSize": 1.0,
        "amountPrecision": 8
    },
    "TURBO_USDT": {
        "minTradeSize": 1.0,
        "amountPrecision": 8
    },
    "TWT_USDT": {
        "minTradeSize": 1.0,
        "amountPrecision": 8
    },
    "UMA_USDT": {
        "minTradeSize": 0.001,
        "amountPrecision": 8
    },
    "UNFI_USDT": {
        "minTradeSize": 0.1,
        "amountPrecision": 8
    },
    "UNI_BTC": {
        "minTradeSize": 0.01,
        "amountPrecision": 8
    },
    "UNI_ETH": {
        "minTradeSize": 0.01,
        "amountPrecision": 8
    },
    "UNI_USDT": {
        "minTradeSize": 0.01,
        "amountPrecision": 8
    },
    "USDC_USDT": {
        "minTradeSize": 0.01,
        "amountPrecision": 8
    },
    "USTC_USDT": {
        "minTradeSize": 1.0,
        "amountPrecision": 8
    },
    "UTK_USDT": {
        "minTradeSize": 1.0,
        "amountPrecision": 8
    },
    "VANRY_USDT": {
        "minTradeSize": 1.0,
        "amountPrecision": 8
    },
    "VET_USDT": {
        "minTradeSize": 1.0,
        "amountPrecision": 8
    },
    "VIB_USDT": {
        "minTradeSize": 1.0,
        "amountPrecision": 8
    },
    "VIC_USDT": {
        "minTradeSize": 0.01,
        "amountPrecision": 8
    },
    "VIDT_USDT": {
        "minTradeSize": 1.0,
        "amountPrecision": 8
    },
    "VITE_USDT": {
        "minTradeSize": 0.1,
        "amountPrecision": 8
    },
    "VOXEL_USDT": {
        "minTradeSize": 0.1,
        "amountPrecision": 8
    },
    "VTHO_USDT": {
        "minTradeSize": 1.0,
        "amountPrecision": 8
    },
    "WAXP_USDT": {
        "minTradeSize": 1.0,
        "amountPrecision": 8
    },
    "WBTC_BTC": {
        "minTradeSize": 0.0001,
        "amountPrecision": 8
    },
    "WIF_USDT": {
        "minTradeSize": 0.01,
        "amountPrecision": 8
    },
    "WIN_USDT": {
        "minTradeSize": 1.0,
        "amountPrecision": 8
    },
    "WLD_USDT": {
        "minTradeSize": 0.1,
        "amountPrecision": 8
    },
    "WOO_USDT": {
        "minTradeSize": 0.1,
        "amountPrecision": 8
    },
    "WRX_USDT": {
        "minTradeSize": 0.1,
        "amountPrecision": 8
    },
    "W_USDT": {
        "minTradeSize": 0.1,
        "amountPrecision": 8
    },
    "XAI_USDT": {
        "minTradeSize": 0.1,
        "amountPrecision": 8
    },
    "XCH_USDT": {
        "minTradeSize": 0.0001,
        "amountPrecision": 8
    },
    "XEC_USDT": {
        "minTradeSize": 1.0,
        "amountPrecision": 8
    },
    "XLM_USDT": {
        "minTradeSize": 0.1,
        "amountPrecision": 8
    },
    "XRP_BTC": {
        "minTradeSize": 1.0,
        "amountPrecision": 8
    },
    "XRP_USDT": {
        "minTradeSize": 0.1,
        "amountPrecision": 8
    },
    "XTZ_BTC": {
        "minTradeSize": 0.1,
        "amountPrecision": 8
    },
    "XTZ_USDT": {
        "minTradeSize": 0.01,
        "amountPrecision": 8
    },
    "XVG_USDT": {
        "minTradeSize": 1.0,
        "amountPrecision": 8
    },
    "XVS_USDT": {
        "minTradeSize": 0.001,
        "amountPrecision": 8
    },
    "YFI_BTC": {
        "minTradeSize": 0.0001,
        "amountPrecision": 8
    },
    "YFI_USDT": {
        "minTradeSize": 1e-06,
        "amountPrecision": 8
    },
    "YGG_USDT": {
        "minTradeSize": 0.001,
        "amountPrecision": 8
    },
    "ZEC_BTC": {
        "minTradeSize": 0.001,
        "amountPrecision": 8
    },
    "ZEC_USDT": {
        "minTradeSize": 0.001,
        "amountPrecision": 8
    },
    "ZEN_USDT": {
        "minTradeSize": 0.001,
        "amountPrecision": 8
    },
    "ZETA_USDT": {
        "minTradeSize": 1.0,
        "amountPrecision": 8
    },
    "ZIL_BTC": {
        "minTradeSize": 1.0,
        "amountPrecision": 8
    },
    "ZIL_USDT": {
        "minTradeSize": 1.0,
        "amountPrecision": 8
    },
    "ZKF_USDT": {
        "minTradeSize": 1.0,
        "amountPrecision": 8
    },
    "ZRX_BTC": {
        "minTradeSize": 1.0,
        "amountPrecision": 8
    },
    "ZRX_USDT": {
        "minTradeSize": 0.1,
        "amountPrecision": 8
    }
}